nom,prenom,numero,email,etat
Styles,Harry,123,hstyles@gmail.com,NY
Malik,Zane,456,zmalik@gmail.com,CO
Tomlinson,Louis,789,ltomlinson@gmail.com,OR
Horan,Naill,101,nhoran@gmail.com,NY
Bieber,Justin,112,jbieber@gmail.com,CA
Diallo,Mouctar,131,mdiallo@gmail.com,NY
Sani,Mahfouz,415,msani@gmail.com,ID
Nsukami,Patrick,161,pnsukami@gmail.com,NJ
Mane,Sadio,718,smane@gmail.com,CT
Ally,Abuubakar,192,aally@gmail.com,ID
Collins,Hope,021,hcollins@gmail.com,CA
